"U_year","sex","agegp","L_age","U_age","pop","U_yearBorn","initialPop","cumDeaths","remainingPop","PercentLiving"
1914,"1","00-04",0,4,381200,1914,381200,0,381200,100
1914,"1","05-09",5,9,375000,1909,NA,80119,NA,NA
1914,"1","10-14",10,14,357600,1904,NA,7243,NA,NA
1914,"1","15-19",15,19,288600,1899,NA,4201,NA,NA
1914,"1","20-24",20,24,171600,1894,NA,5975,NA,NA
1914,"1","25-29",25,29,181600,1889,NA,7222,NA,NA
1914,"1","30-34",30,34,218000,1884,NA,7307,NA,NA
1914,"1","35-39",35,39,229200,1879,NA,8385,NA,NA
1914,"1","40-44",40,44,219800,1874,NA,10204,NA,NA
1914,"1","45-49",45,49,198800,1869,NA,11456,NA,NA
1914,"1","50-54",50,54,164800,1864,NA,13166,NA,NA
1914,"1","55-59",55,59,136400,1859,NA,15486,NA,NA
1914,"1","60-64",60,64,105000,1854,NA,17797,NA,NA
1914,"1","65-69",65,69,79200,1849,NA,20909,NA,NA
1914,"1","70-74",70,74,50400,1844,NA,21808,NA,NA
1914,"1","75-79",75,79,28000,1839,NA,22958,NA,NA
1914,"1","80+",80,84,16600,1834,NA,18883,NA,NA
1914,"2","00-04",0,4,377400,1914,377400,0,377400,100
1914,"2","05-09",5,9,373000,1909,NA,64868,NA,NA
1914,"2","10-14",10,14,361400,1904,NA,7145,NA,NA
1914,"2","15-19",15,19,345000,1899,NA,4203,NA,NA
1914,"2","20-24",20,24,327800,1894,NA,5197,NA,NA
1914,"2","25-29",25,29,321800,1889,NA,5644,NA,NA
1914,"2","30-34",30,34,307400,1884,NA,6230,NA,NA
1914,"2","35-39",35,39,287200,1879,NA,6942,NA,NA
1914,"2","40-44",40,44,255200,1874,NA,8388,NA,NA
1914,"2","45-49",45,49,218600,1869,NA,9347,NA,NA
1914,"2","50-54",50,54,180200,1864,NA,10738,NA,NA
1914,"2","55-59",55,59,150000,1859,NA,12670,NA,NA
1914,"2","60-64",60,64,119600,1854,NA,14313,NA,NA
1914,"2","65-69",65,69,94200,1849,NA,17524,NA,NA
1914,"2","70-74",70,74,66600,1844,NA,20097,NA,NA
1914,"2","75-79",75,79,41000,1839,NA,24696,NA,NA
1914,"2","80+",80,84,28600,1834,NA,23186,NA,NA
1919,"1","00-04",0,4,345080,1919,345080,0,345080,100
1919,"1","05-09",5,9,366840,1914,381200,59345,321855,84.4320566631689
1919,"1","10-14",10,14,366760,1909,NA,87110,NA,NA
1919,"1","15-19",15,19,298640,1904,NA,11656,NA,NA
1919,"1","20-24",20,24,159320,1899,NA,11339,NA,NA
1919,"1","25-29",25,29,148080,1894,NA,14150,NA,NA
1919,"1","30-34",30,34,181120,1889,NA,16199,NA,NA
1919,"1","35-39",35,39,205040,1884,NA,16681,NA,NA
1919,"1","40-44",40,44,215160,1879,NA,18456,NA,NA
1919,"1","45-49",45,49,206240,1874,NA,21345,NA,NA
1919,"1","50-54",50,54,178600,1869,NA,24287,NA,NA
1919,"1","55-59",55,59,145760,1864,NA,27997,NA,NA
1919,"1","60-64",60,64,111560,1859,NA,32273,NA,NA
1919,"1","65-69",65,69,84000,1854,NA,37055,NA,NA
1919,"1","70-74",70,74,52120,1849,NA,42699,NA,NA
1919,"1","75-79",75,79,29280,1844,NA,42903,NA,NA
1919,"1","80+",80,84,17640,1839,NA,41306,NA,NA
1919,"2","00-04",0,4,340280,1919,340280,0,340280,100
1919,"2","05-09",5,9,364280,1914,377400,48353,329047,87.1878643349232
1919,"2","10-14",10,14,367440,1909,NA,71807,NA,NA
1919,"2","15-19",15,19,351720,1904,NA,11841,NA,NA
1919,"2","20-24",20,24,335240,1899,NA,10639,NA,NA
1919,"2","25-29",25,29,319840,1894,NA,12693,NA,NA
1919,"2","30-34",30,34,308480,1889,NA,14307,NA,NA
1919,"2","35-39",35,39,294120,1884,NA,14770,NA,NA
1919,"2","40-44",40,44,268240,1879,NA,15695,NA,NA
1919,"2","45-49",45,49,233720,1874,NA,17602,NA,NA
1919,"2","50-54",50,54,194040,1869,NA,19709,NA,NA
1919,"2","55-59",55,59,159960,1864,NA,22654,NA,NA
1919,"2","60-64",60,64,128040,1859,NA,26120,NA,NA
1919,"2","65-69",65,69,100920,1854,NA,30289,NA,NA
1919,"2","70-74",70,74,70960,1849,NA,36847,NA,NA
1919,"2","75-79",75,79,42720,1844,NA,41789,NA,NA
1919,"2","80+",80,84,30240,1839,NA,46120,NA,NA
1924,"1","00-04",0,4,359960,1924,359960,0,359960,100
1924,"1","05-09",5,9,327160,1919,345080,48548,296532,85.9313782311348
1924,"1","10-14",10,14,362280,1914,381200,63517,317683,83.3376180482686
1924,"1","15-19",15,19,354840,1909,NA,90178,NA,NA
1924,"1","20-24",20,24,306440,1904,NA,16370,NA,NA
1924,"1","25-29",25,29,269320,1899,NA,16742,NA,NA
1924,"1","30-34",30,34,261800,1894,NA,19271,NA,NA
1924,"1","35-39",35,39,250320,1889,NA,21825,NA,NA
1924,"1","40-44",40,44,249040,1884,NA,23846,NA,NA
1924,"1","45-49",45,49,232120,1879,NA,27534,NA,NA
1924,"1","50-54",50,54,206720,1874,NA,32812,NA,NA
1924,"1","55-59",55,59,162240,1869,NA,38163,NA,NA
1924,"1","60-64",60,64,128080,1864,NA,44526,NA,NA
1924,"1","65-69",65,69,92640,1859,NA,51890,NA,NA
1924,"1","70-74",70,74,61360,1854,NA,59259,NA,NA
1924,"1","75-79",75,79,32600,1849,NA,65267,NA,NA
1924,"1","80+",80,84,19440,1844,NA,62092,NA,NA
1924,"2","00-04",0,4,350800,1924,350800,0,350800,100
1924,"2","05-09",5,9,323080,1919,340280,38210,302070,88.771012107676
1924,"2","10-14",10,14,359120,1914,377400,52245,325155,86.1565977742448
1924,"2","15-19",15,19,358200,1909,NA,74899,NA,NA
1924,"2","20-24",20,24,343440,1904,NA,16421,NA,NA
1924,"2","25-29",25,29,328440,1899,NA,15974,NA,NA
1924,"2","30-34",30,34,308920,1894,NA,18287,NA,NA
1924,"2","35-39",35,39,291480,1889,NA,20107,NA,NA
1924,"2","40-44",40,44,282480,1884,NA,21417,NA,NA
1924,"2","45-49",45,49,253440,1879,NA,23469,NA,NA
1924,"2","50-54",50,54,221120,1874,NA,27021,NA,NA
1924,"2","55-59",55,59,176600,1869,NA,31155,NA,NA
1924,"2","60-64",60,64,144240,1864,NA,36062,NA,NA
1924,"2","65-69",65,69,110880,1859,NA,42697,NA,NA
1924,"2","70-74",70,74,80680,1854,NA,50340,NA,NA
1924,"2","75-79",75,79,48840,1849,NA,60337,NA,NA
1924,"2","80+",80,84,34520,1844,NA,64897,NA,NA
1929,"1","00-04",0,4,324760,1929,324760,0,324760,100
1929,"1","05-09",5,9,346160,1924,359960,37543,322417,89.5702300255584
1929,"1","10-14",10,14,324960,1919,345080,52847,292233,84.6855801553263
1929,"1","15-19",15,19,352360,1914,381200,66131,315069,82.651888772298
1929,"1","20-24",20,24,337040,1909,NA,94723,NA,NA
1929,"1","25-29",25,29,299320,1904,NA,21924,NA,NA
1929,"1","30-34",30,34,272480,1899,NA,22029,NA,NA
1929,"1","35-39",35,39,252640,1894,NA,24503,NA,NA
1929,"1","40-44",40,44,245400,1889,NA,28447,NA,NA
1929,"1","45-49",45,49,236360,1884,NA,32609,NA,NA
1929,"1","50-54",50,54,220960,1879,NA,39158,NA,NA
1929,"1","55-59",55,59,185400,1874,NA,47784,NA,NA
1929,"1","60-64",60,64,143760,1869,NA,56400,NA,NA
1929,"1","65-69",65,69,106840,1864,NA,66401,NA,NA
1929,"1","70-74",70,74,70280,1859,NA,77306,NA,NA
1929,"1","75-79",75,79,37280,1854,NA,85493,NA,NA
1929,"1","80+",80,84,22160,1849,NA,87778,NA,NA
1929,"2","00-04",0,4,317400,1929,317400,0,317400,100
1929,"2","05-09",5,9,338720,1924,350800,29380,321420,91.6248574686431
1929,"2","10-14",10,14,321320,1919,340280,42024,298256,87.6501704478665
1929,"2","15-19",15,19,354040,1914,377400,54709,322691,85.5037095919449
1929,"2","20-24",20,24,353600,1909,NA,79165,NA,NA
1929,"2","25-29",25,29,337760,1904,NA,21611,NA,NA
1929,"2","30-34",30,34,318280,1899,NA,21396,NA,NA
1929,"2","35-39",35,39,298000,1894,NA,23802,NA,NA
1929,"2","40-44",40,44,283800,1889,NA,26318,NA,NA
1929,"2","45-49",45,49,270280,1884,NA,28839,NA,NA
1929,"2","50-54",50,54,241040,1879,NA,32938,NA,NA
1929,"2","55-59",55,59,203440,1874,NA,39118,NA,NA
1929,"2","60-64",60,64,161200,1869,NA,45732,NA,NA
1929,"2","65-69",65,69,128120,1864,NA,54288,NA,NA
1929,"2","70-74",70,74,91200,1859,NA,65132,NA,NA
1929,"2","75-79",75,79,55400,1854,NA,76579,NA,NA
1929,"2","80+",80,84,39600,1849,NA,86425,NA,NA
1934,"1","00-04",0,4,296504,1934,296504,0,296504,100
1934,"1","05-09",5,9,315172,1929,324760,29848,294912,90.8092129572607
1934,"1","10-14",10,14,344644,1924,359960,41134,318826,88.5726191799089
1934,"1","15-19",15,19,318408,1919,345080,55326,289754,83.9671960125188
1934,"1","20-24",20,24,339872,1914,381200,70031,311169,81.6288037775446
1934,"1","25-29",25,29,335424,1909,NA,100092,NA,NA
1934,"1","30-34",30,34,311392,1904,NA,27226,NA,NA
1934,"1","35-39",35,39,262500,1899,NA,27446,NA,NA
1934,"1","40-44",40,44,247912,1894,NA,30567,NA,NA
1934,"1","45-49",45,49,236116,1889,NA,36163,NA,NA
1934,"1","50-54",50,54,224264,1884,NA,43530,NA,NA
1934,"1","55-59",55,59,201300,1879,NA,53912,NA,NA
1934,"1","60-64",60,64,164636,1874,NA,67187,NA,NA
1934,"1","65-69",65,69,121856,1869,NA,80098,NA,NA
1934,"1","70-74",70,74,80164,1864,NA,94341,NA,NA
1934,"1","75-79",75,79,43508,1859,NA,106661,NA,NA
1934,"1","80+",80,84,24668,1854,NA,111078,NA,NA
1934,"2","00-04",0,4,288612,1934,288612,0,288612,100
1934,"2","05-09",5,9,309544,1929,317400,23115,294285,92.7173913043478
1934,"2","10-14",10,14,337964,1924,350800,32590,318210,90.7098061573546
1934,"2","15-19",15,19,318676,1919,340280,44344,295936,86.9683789820148
1934,"2","20-24",20,24,354172,1914,377400,58244,319156,84.5670376258611
1934,"2","25-29",25,29,352788,1909,NA,84065,NA,NA
1934,"2","30-34",30,34,332616,1904,NA,26861,NA,NA
1934,"2","35-39",35,39,309352,1899,NA,26737,NA,NA
1934,"2","40-44",40,44,291364,1894,NA,29826,NA,NA
1934,"2","45-49",45,49,275796,1889,NA,33305,NA,NA
1934,"2","50-54",50,54,257176,1884,NA,38017,NA,NA
1934,"2","55-59",55,59,225648,1879,NA,44974,NA,NA
1934,"2","60-64",60,64,185732,1874,NA,54455,NA,NA
1934,"2","65-69",65,69,145268,1869,NA,65302,NA,NA
1934,"2","70-74",70,74,104508,1864,NA,78632,NA,NA
1934,"2","75-79",75,79,63788,1859,NA,94274,NA,NA
1934,"2","80+",80,84,44676,1854,NA,105640,NA,NA
1939,"1","00-04",0,4,288268,1939,288268,0,288268,100
1939,"1","05-09",5,9,290888,1934,296504,25182,271322,91.5070285729704
1939,"1","10-14",10,14,313464,1929,324760,32701,292059,89.9307180687277
1939,"1","15-19",15,19,335116,1924,359960,43125,316835,88.0195021669074
1939,"1","20-24",20,24,280572,1919,345080,58935,286145,82.9213515706503
1939,"1","25-29",25,29,322316,1914,381200,74226,306974,80.5283315844701
1939,"1","30-34",30,34,327048,1909,NA,104863,NA,NA
1939,"1","35-39",35,39,300184,1904,NA,32481,NA,NA
1939,"1","40-44",40,44,254504,1899,NA,33785,NA,NA
1939,"1","45-49",45,49,241948,1894,NA,37957,NA,NA
1939,"1","50-54",50,54,227368,1889,NA,46588,NA,NA
1939,"1","55-59",55,59,209548,1884,NA,58897,NA,NA
1939,"1","60-64",60,64,179680,1879,NA,74960,NA,NA
1939,"1","65-69",65,69,139260,1874,NA,94751,NA,NA
1939,"1","70-74",70,74,92328,1869,NA,111983,NA,NA
1939,"1","75-79",75,79,49672,1864,NA,128214,NA,NA
1939,"1","80+",80,84,28600,1859,NA,136648,NA,NA
1939,"2","00-04",0,4,277600,1939,277600,0,277600,100
1939,"2","05-09",5,9,284464,1934,288612,19061,269551,93.3956315052735
1939,"2","10-14",10,14,309504,1929,317400,25542,291858,91.952741020794
1939,"2","15-19",15,19,340156,1924,350800,34334,316466,90.2126567844926
1939,"2","20-24",20,24,322000,1919,340280,47519,292761,86.0353238509463
1939,"2","25-29",25,29,354284,1914,377400,62247,315153,83.5063593004769
1939,"2","30-34",30,34,350140,1909,NA,88660,NA,NA
1939,"2","35-39",35,39,327700,1904,NA,31690,NA,NA
1939,"2","40-44",40,44,304580,1899,NA,32262,NA,NA
1939,"2","45-49",45,49,285956,1894,NA,36409,NA,NA
1939,"2","50-54",50,54,266792,1889,NA,42056,NA,NA
1939,"2","55-59",55,59,243872,1884,NA,49902,NA,NA
1939,"2","60-64",60,64,207824,1879,NA,60664,NA,NA
1939,"2","65-69",65,69,165684,1874,NA,75946,NA,NA
1939,"2","70-74",70,74,120384,1869,NA,92478,NA,NA
1939,"2","75-79",75,79,74140,1864,NA,111255,NA,NA
1939,"2","80+",80,84,52980,1859,NA,127811,NA,NA
1944,"1","00-04",0,4,301680,1944,301680,0,301680,100
1944,"1","05-09",5,9,283920,1939,288268,23446,264822,91.866596361719
1944,"1","10-14",10,14,289440,1934,296504,27582,268922,90.6975959852144
1944,"1","15-19",15,19,251640,1929,324760,34431,290329,89.3980169971671
1944,"1","20-24",20,24,104160,1924,359960,45914,314046,87.2446938548728
1944,"1","25-29",25,29,134320,1919,345080,61534,283546,82.1681928828098
1944,"1","30-34",30,34,202400,1914,381200,77219,303981,79.7431794333683
1944,"1","35-39",35,39,251800,1909,NA,108918,NA,NA
1944,"1","40-44",40,44,267160,1904,NA,37856,NA,NA
1944,"1","45-49",45,49,243560,1899,NA,41035,NA,NA
1944,"1","50-54",50,54,231200,1894,NA,47487,NA,NA
1944,"1","55-59",55,59,212040,1889,NA,60469,NA,NA
1944,"1","60-64",60,64,186200,1884,NA,78576,NA,NA
1944,"1","65-69",65,69,150320,1879,NA,101219,NA,NA
1944,"1","70-74",70,74,106160,1874,NA,126945,NA,NA
1944,"1","75-79",75,79,58840,1869,NA,146114,NA,NA
1944,"1","80+",80,84,35240,1864,NA,158948,NA,NA
1944,"2","00-04",0,4,289040,1944,289040,0,289040,100
1944,"2","05-09",5,9,274800,1939,277600,17796,259804,93.5893371757925
1944,"2","10-14",10,14,284200,1934,288612,20854,267758,92.7743822155697
1944,"2","15-19",15,19,300360,1929,317400,26921,290479,91.5182734719597
1944,"2","20-24",20,24,306520,1924,350800,36941,313859,89.4694982896237
1944,"2","25-29",25,29,311600,1919,340280,51216,289064,84.9488656400611
1944,"2","30-34",30,34,347880,1914,377400,66042,311358,82.5007949125596
1944,"2","35-39",35,39,344240,1909,NA,92987,NA,NA
1944,"2","40-44",40,44,321400,1904,NA,36597,NA,NA
1944,"2","45-49",45,49,298120,1899,NA,38222,NA,NA
1944,"2","50-54",50,54,277080,1894,NA,44374,NA,NA
1944,"2","55-59",55,59,254920,1889,NA,52579,NA,NA
1944,"2","60-64",60,64,227280,1884,NA,64026,NA,NA
1944,"2","65-69",65,69,185280,1879,NA,80203,NA,NA
1944,"2","70-74",70,74,136360,1874,NA,102011,NA,NA
1944,"2","75-79",75,79,86480,1869,NA,124381,NA,NA
1944,"2","80+",80,84,64560,1864,NA,144784,NA,NA
1949,"1","00-04",0,4,366160,1949,366160,0,366160,100
1949,"1","05-09",5,9,297600,1944,301680,19154,282526,93.6508883585256
1949,"1","10-14",10,14,282400,1939,288268,24761,263507,91.4104236335632
1949,"1","15-19",15,19,236320,1934,296504,28558,267946,90.3684267328603
1949,"1","20-24",20,24,243440,1929,324760,36006,288754,88.9130434782609
1949,"1","25-29",25,29,308560,1924,359960,48039,311921,86.654350483387
1949,"1","30-34",30,34,298960,1919,345080,64324,280756,81.3596847107917
1949,"1","35-39",35,39,331880,1914,381200,80271,300929,78.9425498426023
1949,"1","40-44",40,44,325360,1909,NA,113213,NA,NA
1949,"1","45-49",45,49,288160,1904,NA,44169,NA,NA
1949,"1","50-54",50,54,244160,1899,NA,50721,NA,NA
1949,"1","55-59",55,59,215440,1894,NA,60563,NA,NA
1949,"1","60-64",60,64,187640,1889,NA,79253,NA,NA
1949,"1","65-69",65,69,156120,1884,NA,104882,NA,NA
1949,"1","70-74",70,74,117320,1879,NA,133832,NA,NA
1949,"1","75-79",75,79,70520,1874,NA,164817,NA,NA
1949,"1","80+",80,84,43840,1869,NA,181991,NA,NA
1949,"2","00-04",0,4,348360,1949,348360,0,348360,100
1949,"2","05-09",5,9,286120,1944,289040,14186,274854,95.0920287849433
1949,"2","10-14",10,14,273520,1939,277600,18714,258886,93.2586455331412
1949,"2","15-19",15,19,283320,1934,288612,21598,267014,92.5165966765069
1949,"2","20-24",20,24,305160,1929,317400,28409,288991,91.0494643982357
1949,"2","25-29",25,29,336560,1924,350800,39289,311511,88.8001710376283
1949,"2","30-34",30,34,318560,1919,340280,54066,286214,84.1113200893382
1949,"2","35-39",35,39,346880,1914,377400,68966,308434,81.7260201377848
1949,"2","40-44",40,44,336720,1909,NA,96788,NA,NA
1949,"2","45-49",45,49,315560,1904,NA,41530,NA,NA
1949,"2","50-54",50,54,287240,1899,NA,45280,NA,NA
1949,"2","55-59",55,59,259960,1894,NA,53920,NA,NA
1949,"2","60-64",60,64,233800,1889,NA,65529,NA,NA
1949,"2","65-69",65,69,201240,1884,NA,82679,NA,NA
1949,"2","70-74",70,74,155600,1879,NA,106365,NA,NA
1949,"2","75-79",75,79,100720,1874,NA,137260,NA,NA
1949,"2","80+",80,84,79240,1869,NA,163110,NA,NA
1954,"1","00-04",0,4,352920,1954,352920,0,352920,100
1954,"1","05-09",5,9,362080,1949,366160,12261,353899,96.6514638409438
1954,"1","10-14",10,14,295160,1944,301680,20144,281536,93.3227260673561
1954,"1","15-19",15,19,268960,1939,288268,25471,262797,91.1641250503004
1954,"1","20-24",20,24,277240,1934,296504,29716,266788,89.977875509268
1954,"1","25-29",25,29,309400,1929,324760,37717,287043,88.3861928808967
1954,"1","30-34",30,34,326520,1924,359960,49993,309967,86.1115123902656
1954,"1","35-39",35,39,302000,1919,345080,66789,278291,80.6453575982381
1954,"1","40-44",40,44,329280,1914,381200,83454,297746,78.107555089192
1954,"1","45-49",45,49,319880,1909,NA,118570,NA,NA
1954,"1","50-54",50,54,280240,1904,NA,53320,NA,NA
1954,"1","55-59",55,59,225480,1899,NA,65361,NA,NA
1954,"1","60-64",60,64,190880,1894,NA,80281,NA,NA
1954,"1","65-69",65,69,156520,1889,NA,106414,NA,NA
1954,"1","70-74",70,74,118920,1884,NA,139725,NA,NA
1954,"1","75-79",75,79,76280,1879,NA,174218,NA,NA
1954,"1","80+",80,84,49720,1874,NA,205999,NA,NA
1954,"2","00-04",0,4,336200,1954,336200,0,336200,100
1954,"2","05-09",5,9,345640,1949,348360,9080,339280,97.3935009760018
1954,"2","10-14",10,14,284040,1944,289040,14862,274178,94.8581511209521
1954,"2","15-19",15,19,276680,1939,277600,19197,258403,93.0846541786744
1954,"2","20-24",20,24,289160,1934,288612,22283,266329,92.2792538078805
1954,"2","25-29",25,29,312000,1929,317400,29426,287974,90.7290485192187
1954,"2","30-34",30,34,333440,1924,350800,40766,310034,88.37913340935
1954,"2","35-39",35,39,312600,1919,340280,56091,284189,83.5162219348772
1954,"2","40-44",40,44,338560,1914,377400,71592,305808,81.0302066772655
1954,"2","45-49",45,49,331240,1909,NA,101026,NA,NA
1954,"2","50-54",50,54,306680,1904,NA,47945,NA,NA
1954,"2","55-59",55,59,275440,1899,NA,54459,NA,NA
1954,"2","60-64",60,64,245960,1894,NA,66517,NA,NA
1954,"2","65-69",65,69,213480,1889,NA,83809,NA,NA
1954,"2","70-74",70,74,171880,1884,NA,109388,NA,NA
1954,"2","75-79",75,79,117440,1879,NA,143339,NA,NA
1954,"2","80+",80,84,91840,1874,NA,181179,NA,NA
1959,"1","00-04",0,4,348840,1959,348840,0,348840,100
1959,"1","05-09",5,9,348280,1954,352920,11009,341911,96.8805961691035
1959,"1","10-14",10,14,360320,1949,366160,13109,353051,96.4198710946035
1959,"1","15-19",15,19,289880,1944,301680,20868,280812,93.0827366746221
1959,"1","20-24",20,24,277200,1939,288268,26741,261527,90.7235627957318
1959,"1","25-29",25,29,291200,1934,296504,31268,265236,89.4544424358525
1959,"1","30-34",30,34,308120,1929,324760,39262,285498,87.9104569528267
1959,"1","35-39",35,39,322840,1924,359960,51938,308022,85.5711745749528
1959,"1","40-44",40,44,298840,1919,345080,69846,275234,79.7594760635215
1959,"1","45-49",45,49,323560,1914,381200,88008,293192,76.912906610703
1959,"1","50-54",50,54,307400,1909,NA,127089,NA,NA
1959,"1","55-59",55,59,262040,1904,NA,68006,NA,NA
1959,"1","60-64",60,64,202520,1899,NA,87988,NA,NA
1959,"1","65-69",65,69,160040,1894,NA,108505,NA,NA
1959,"1","70-74",70,74,119480,1889,NA,141247,NA,NA
1959,"1","75-79",75,79,78120,1884,NA,180000,NA,NA
1959,"1","80+",80,84,56960,1879,NA,214614,NA,NA
1959,"2","00-04",0,4,331200,1959,331200,0,331200,100
1959,"2","05-09",5,9,332520,1954,336200,8166,328034,97.5710886377156
1959,"2","10-14",10,14,344120,1949,348360,9634,338726,97.2344700884143
1959,"2","15-19",15,19,286560,1944,289040,15330,273710,94.6962358151121
1959,"2","20-24",20,24,282240,1939,277600,19735,257865,92.8908501440922
1959,"2","25-29",25,29,289280,1934,288612,23012,265600,92.0266655579117
1959,"2","30-34",30,34,309760,1929,317400,30388,287012,90.4259609325772
1959,"2","35-39",35,39,331280,1924,350800,42240,308560,87.9589509692132
1959,"2","40-44",40,44,309560,1919,340280,58460,281820,82.8200305630657
1959,"2","45-49",45,49,333120,1914,377400,75077,302323,80.1067832538421
1959,"2","50-54",50,54,323520,1909,NA,106915,NA,NA
1959,"2","55-59",55,59,295800,1904,NA,56685,NA,NA
1959,"2","60-64",60,64,260840,1899,NA,66889,NA,NA
1959,"2","65-69",65,69,223920,1894,NA,84551,NA,NA
1959,"2","70-74",70,74,182200,1889,NA,109685,NA,NA
1959,"2","75-79",75,79,130720,1884,NA,145871,NA,NA
1959,"2","80+",80,84,111480,1879,NA,188642,NA,NA
1964,"1","00-04",0,4,398748,1964,398748,0,398748,100
1964,"1","05-09",5,9,349752,1959,348840,11575,337265,96.6818598784543
1964,"1","10-14",10,14,352644,1954,352920,11824,341096,96.6496656466055
1964,"1","15-19",15,19,362904,1949,366160,13825,352335,96.2243281625519
1964,"1","20-24",20,24,299008,1944,301680,22586,279094,92.5132590824715
1964,"1","25-29",25,29,294584,1939,288268,28384,259884,90.1536070600968
1964,"1","30-34",30,34,296628,1934,296504,32749,263755,88.9549550764914
1964,"1","35-39",35,39,310332,1929,324760,41066,283694,87.3549698238699
1964,"1","40-44",40,44,323452,1924,359960,54814,305146,84.7721969107679
1964,"1","45-49",45,49,295752,1919,345080,74773,270307,78.3316912020401
1964,"1","50-54",50,54,312100,1914,381200,95885,285315,74.846537250787
1964,"1","55-59",55,59,290156,1909,NA,141633,NA,NA
1964,"1","60-64",60,64,238276,1904,NA,91965,NA,NA
1964,"1","65-69",65,69,169556,1899,NA,121402,NA,NA
1964,"1","70-74",70,74,122556,1894,NA,145921,NA,NA
1964,"1","75-79",75,79,79340,1889,NA,182578,NA,NA
1964,"1","80+",80,84,59972,1884,NA,220559,NA,NA
1964,"2","00-04",0,4,379300,1964,379300,0,379300,100
1964,"2","05-09",5,9,329516,1959,331200,8559,322641,97.4157608695652
1964,"2","10-14",10,14,335380,1954,336200,8689,327511,97.4155264723379
1964,"2","15-19",15,19,348856,1949,348360,10056,338304,97.1133310368584
1964,"2","20-24",20,24,298920,1944,289040,15991,273049,94.4675477442568
1964,"2","25-29",25,29,285988,1939,277600,20441,257159,92.6365273775216
1964,"2","30-34",30,34,289636,1934,288612,23863,264749,91.7318060233116
1964,"2","35-39",35,39,309220,1929,317400,31627,285773,90.0356017643352
1964,"2","40-44",40,44,328472,1924,350800,44319,306481,87.3663055872292
1964,"2","45-49",45,49,306744,1919,340280,62041,278239,81.7676619254731
1964,"2","50-54",50,54,327436,1914,377400,80449,296951,78.6833598304187
1964,"2","55-59",55,59,313568,1909,NA,115588,NA,NA
1964,"2","60-64",60,64,281264,1904,NA,69360,NA,NA
1964,"2","65-69",65,69,238168,1899,NA,85634,NA,NA
1964,"2","70-74",70,74,192564,1894,NA,111134,NA,NA
1964,"2","75-79",75,79,142392,1889,NA,147033,NA,NA
1964,"2","80+",80,84,129692,1884,NA,192550,NA,NA
1969,"1","00-04",0,4,419656,1969,419656,0,419656,100
1969,"1","05-09",5,9,395192,1964,398748,10123,388625,97.461303881148
1969,"1","10-14",10,14,349928,1959,348840,12414,336426,96.4413484692123
1969,"1","15-19",15,19,353676,1954,352920,12504,340416,96.4569874192452
1969,"1","20-24",20,24,361596,1949,366160,15509,350651,95.7644199257155
1969,"1","25-29",25,29,306104,1944,301680,24330,277350,91.9351630867144
1969,"1","30-34",30,34,294368,1939,288268,29797,258471,89.6634381894626
1969,"1","35-39",35,39,293376,1934,296504,34389,262115,88.4018428081915
1969,"1","40-44",40,44,305800,1929,324760,43542,281218,86.5925606601798
1969,"1","45-49",45,49,315800,1924,359960,59438,300522,83.4876097344149
1969,"1","50-54",50,54,284136,1919,345080,83138,261942,75.9076156253622
1969,"1","55-59",55,59,294408,1914,381200,109001,272199,71.4058237145855
1969,"1","60-64",60,64,261308,1909,NA,164954,NA,NA
1969,"1","65-69",65,69,198732,1904,NA,126905,NA,NA
1969,"1","70-74",70,74,128656,1899,NA,164906,NA,NA
1969,"1","75-79",75,79,81036,1894,NA,189272,NA,NA
1969,"1","80+",80,84,64444,1889,NA,223227,NA,NA
1969,"2","00-04",0,4,403436,1969,403436,0,403436,100
1969,"2","05-09",5,9,376400,1964,379300,7473,371827,98.0297917215924
1969,"2","10-14",10,14,327896,1959,331200,9091,322109,97.2551328502415
1969,"2","15-19",15,19,339988,1954,336200,9093,327107,97.2953599048186
1969,"2","20-24",20,24,356600,1949,348360,10711,337649,96.9253071535193
1969,"2","25-29",25,29,298628,1944,289040,16770,272270,94.1980348740659
1969,"2","30-34",30,34,282608,1939,277600,21247,256353,92.346181556196
1969,"2","35-39",35,39,287456,1934,288612,24927,263685,91.3631449835766
1969,"2","40-44",40,44,306868,1929,317400,33378,284022,89.4839319470699
1969,"2","45-49",45,49,324004,1924,350800,47556,303244,86.4435575826682
1969,"2","50-54",50,54,298964,1919,340280,67575,272705,80.1413541789115
1969,"2","55-59",55,59,317080,1914,377400,88422,288978,76.570747217806
1969,"2","60-64",60,64,298332,1909,NA,128244,NA,NA
1969,"2","65-69",65,69,259380,1904,NA,88300,NA,NA
1969,"2","70-74",70,74,206608,1899,NA,113020,NA,NA
1969,"2","75-79",75,79,150896,1894,NA,148660,NA,NA
1969,"2","80+",80,84,151792,1889,NA,193602,NA,NA
1974,"1","00-04",0,4,380828,1974,380828,0,380828,100
1974,"1","05-09",5,9,414272,1969,419656,7819,411837,98.1368072897802
1974,"1","10-14",10,14,395208,1964,398748,10918,387830,97.2619298404005
1974,"1","15-19",15,19,352208,1959,348840,13094,335746,96.2464166953331
1974,"1","20-24",20,24,357548,1954,352920,14043,338877,96.0209112546753
1974,"1","25-29",25,29,363036,1949,366160,17254,348906,95.2878523050033
1974,"1","30-34",30,34,301984,1944,301680,25917,275763,91.4091089896579
1974,"1","35-39",35,39,288480,1939,288268,31401,256867,89.1070115309365
1974,"1","40-44",40,44,287752,1934,296504,36658,259846,87.6365917491838
1974,"1","45-49",45,49,298852,1929,324760,47634,277126,85.3325532701072
1974,"1","50-54",50,54,304088,1924,359960,67329,292631,81.2954217135237
1974,"1","55-59",55,59,267644,1919,345080,96953,248127,71.904196128434
1974,"1","60-64",60,64,266624,1914,381200,129403,251797,66.053777544596
1974,"1","65-69",65,69,221160,1909,NA,198322,NA,NA
1974,"1","70-74",70,74,151692,1904,NA,172422,NA,NA
1974,"1","75-79",75,79,85432,1899,NA,214589,NA,NA
1974,"1","80+",80,84,67672,1894,NA,231503,NA,NA
1974,"2","00-04",0,4,360904,1974,360904,0,360904,100
1974,"2","05-09",5,9,393368,1969,403436,5742,397694,98.5767259243102
1974,"2","10-14",10,14,374724,1964,379300,7998,371302,97.891378855787
1974,"2","15-19",15,19,335676,1959,331200,9486,321714,97.1358695652174
1974,"2","20-24",20,24,348708,1954,336200,9739,326461,97.1032123735872
1974,"2","25-29",25,29,355008,1949,348360,11453,336907,96.712309105523
1974,"2","30-34",30,34,292620,1944,289040,17621,271419,93.9036119568226
1974,"2","35-39",35,39,279068,1939,277600,22240,255360,91.9884726224784
1974,"2","40-44",40,44,284388,1934,288612,26496,262116,90.8195085443433
1974,"2","45-49",45,49,301956,1929,317400,36184,281216,88.5998739760554
1974,"2","50-54",50,54,316816,1924,350800,52710,298090,84.9743443557583
1974,"2","55-59",55,59,288848,1919,340280,75912,264368,77.691313036323
1974,"2","60-64",60,64,301400,1914,377400,99982,277418,73.507684154743
1974,"2","65-69",65,69,275328,1909,NA,146809,NA,NA
1974,"2","70-74",70,74,227328,1904,NA,115774,NA,NA
1974,"2","75-79",75,79,163424,1899,NA,151783,NA,NA
1974,"2","80+",80,84,170988,1894,NA,196658,NA,NA
1979,"1","00-04",0,4,310128,1979,310128,0,310128,100
1979,"1","05-09",5,9,376220,1974,380828,5361,375467,98.5922778787274
1979,"1","10-14",10,14,414916,1969,419656,8431,411225,97.9909735592962
1979,"1","15-19",15,19,396904,1964,398748,11519,387229,97.1112080812944
1979,"1","20-24",20,24,355676,1959,348840,14800,334040,95.7573672743951
1979,"1","25-29",25,29,355268,1954,352920,15700,337220,95.5513997506517
1979,"1","30-34",30,34,358484,1949,366160,18800,347360,94.865632510378
1979,"1","35-39",35,39,296324,1944,301680,27665,274015,90.8296870856537
1979,"1","40-44",40,44,283480,1939,288268,33620,254648,88.337241733387
1979,"1","45-49",45,49,281856,1934,296504,40240,256264,86.428513611958
1979,"1","50-54",50,54,288516,1929,324760,54263,270497,83.2913536149772
1979,"1","55-59",55,59,286824,1924,359960,79831,280129,77.8222580286699
1979,"1","60-64",60,64,243012,1919,345080,117661,227419,65.9032688072331
1979,"1","65-69",65,69,227820,1914,381200,158598,222602,58.3950682056663
1979,"1","70-74",70,74,171752,1909,NA,242096,NA,NA
1979,"1","75-79",75,79,101592,1904,NA,225183,NA,NA
1979,"1","80+",80,84,71276,1899,NA,263358,NA,NA
1979,"2","00-04",0,4,293792,1979,293792,0,293792,100
1979,"2","05-09",5,9,356152,1974,360904,3976,356928,98.8983219914437
1979,"2","10-14",10,14,392936,1969,403436,6134,397302,98.4795605746636
1979,"2","15-19",15,19,380172,1964,379300,8396,370904,97.7864487213288
1979,"2","20-24",20,24,343320,1959,331200,10130,321070,96.9414251207729
1979,"2","25-29",25,29,348464,1954,336200,10422,325778,96.9000594883998
1979,"2","30-34",30,34,350648,1949,348360,12268,336092,96.4783557239637
1979,"2","35-39",35,39,289204,1944,289040,18736,270304,93.5178522003875
1979,"2","40-44",40,44,276120,1939,277600,23730,253870,91.4517291066282
1979,"2","45-49",45,49,280644,1934,288612,28919,259693,89.9799731126911
1979,"2","50-54",50,54,294916,1929,317400,40492,276908,87.2425960932577
1979,"2","55-59",55,59,306440,1924,350800,60217,290583,82.8343785632839
1979,"2","60-64",60,64,275152,1919,340280,87795,252485,74.1991889032561
1979,"2","65-69",65,69,278404,1914,377400,116803,260597,69.0506094329624
1979,"2","70-74",70,74,241844,1909,NA,173556,NA,NA
1979,"2","75-79",75,79,181712,1904,NA,154457,NA,NA
1979,"2","80+",80,84,188164,1899,NA,201674,NA,NA
1984,"1","00-04",0,4,316864,1984,316864,0,316864,100
1984,"1","05-09",5,9,308432,1979,310128,4359,305769,98.5944513233246
1984,"1","10-14",10,14,374292,1974,380828,5742,375086,98.4922327139811
1984,"1","15-19",15,19,417364,1969,419656,8958,410698,97.8653945136016
1984,"1","20-24",20,24,397248,1964,398748,13087,385661,96.7179772688515
1984,"1","25-29",25,29,347352,1959,348840,16469,332371,95.2789244352712
1984,"1","30-34",30,34,348328,1954,352920,17124,335796,95.1479088745325
1984,"1","35-39",35,39,352220,1949,366160,20448,345712,94.415556041075
1984,"1","40-44",40,44,291652,1944,301680,29963,271717,90.0679527976664
1984,"1","45-49",45,49,277100,1939,288268,36908,251360,87.1966364632911
1984,"1","50-54",50,54,273448,1934,296504,45903,250601,84.5185899684321
1984,"1","55-59",55,59,273936,1929,324760,64323,260437,80.193681487868
1984,"1","60-64",60,64,262304,1924,359960,97884,262076,72.8069785531726
1984,"1","65-69",65,69,210204,1919,345080,146269,198811,57.6130172713574
1984,"1","70-74",70,74,180688,1914,381200,195826,185374,48.6290661070304
1984,"1","75-79",75,79,118320,1909,NA,293131,NA,NA
1984,"1","80+",80,84,84324,1904,NA,277443,NA,NA
1984,"2","00-04",0,4,301420,1984,301420,0,301420,100
1984,"2","05-09",5,9,292228,1979,293792,3234,290558,98.8992212177323
1984,"2","10-14",10,14,355312,1974,360904,4245,356659,98.8237869350298
1984,"2","15-19",15,19,398236,1969,403436,6467,396969,98.3970196016221
1984,"2","20-24",20,24,389520,1964,379300,8993,370307,97.6290535196414
1984,"2","25-29",25,29,342384,1959,331200,10762,320438,96.7506038647343
1984,"2","30-34",30,34,344232,1954,336200,11123,325077,96.6915526472338
1984,"2","35-39",35,39,349312,1949,348360,13270,335090,96.1907222413595
1984,"2","40-44",40,44,286776,1944,289040,20302,268738,92.9760586769997
1984,"2","45-49",45,49,273612,1939,277600,25888,251712,90.6743515850144
1984,"2","50-54",50,54,275740,1934,288612,32519,256093,88.732623730129
1984,"2","55-59",55,59,285612,1929,317400,46641,270759,85.3052930056711
1984,"2","60-64",60,64,292036,1924,350800,70768,280032,79.8266818700114
1984,"2","65-69",65,69,254708,1919,340280,104881,235399,69.1780298577642
1984,"2","70-74",70,74,246592,1914,377400,140247,237153,62.8386327503975
1984,"2","75-79",75,79,197272,1909,NA,210510,NA,NA
1984,"2","80+",80,84,217212,1904,NA,203914,NA,NA
1989,"1","00-04",0,4,335084,1989,335084,0,335084,100
1989,"1","05-09",5,9,319552,1984,316864,4104,312760,98.7048071096748
1989,"1","10-14",10,14,310668,1979,310128,4701,305427,98.4841742764278
1989,"1","15-19",15,19,374428,1974,380828,6114,374714,98.394550820843
1989,"1","20-24",20,24,413212,1969,419656,10301,409355,97.5453704939284
1989,"1","25-29",25,29,393432,1964,398748,14893,383855,96.2650596366628
1989,"1","30-34",30,34,345400,1959,348840,18117,330723,94.8065015479876
1989,"1","35-39",35,39,345976,1954,352920,18833,334087,94.6636631531225
1989,"1","40-44",40,44,349900,1949,366160,22759,343401,93.7844111863666
1989,"1","45-49",45,49,286524,1944,301680,33543,268137,88.8812649164678
1989,"1","50-54",50,54,270016,1939,288268,42112,246156,85.3913719177987
1989,"1","55-59",55,59,261288,1934,296504,54398,242106,81.6535358713542
1989,"1","60-64",60,64,252904,1929,324760,79041,245719,75.6617194235743
1989,"1","65-69",65,69,229976,1924,359960,122942,237018,65.845649516613
1989,"1","70-74",70,74,169168,1919,345080,183189,161891,46.9140489161933
1989,"1","75-79",75,79,128204,1914,381200,239695,141505,37.1209338929696
1989,"1","80+",80,84,103140,1909,NA,345329,NA,NA
1989,"2","00-04",0,4,319936,1989,319936,0,319936,100
1989,"2","05-09",5,9,304524,1984,301420,3005,298415,99.0030522194944
1989,"2","10-14",10,14,295116,1979,293792,3470,290322,98.8188922775297
1989,"2","15-19",15,19,358912,1974,360904,4483,356421,98.7578414204331
1989,"2","20-24",20,24,407324,1969,403436,6993,396443,98.266639566127
1989,"2","25-29",25,29,391928,1964,379300,9639,369661,97.4587397838123
1989,"2","30-34",30,34,343932,1959,331200,11484,319716,96.5326086956522
1989,"2","35-39",35,39,346672,1954,336200,12081,324119,96.4066032123736
1989,"2","40-44",40,44,348024,1949,348360,14769,333591,95.7604202549087
1989,"2","45-49",45,49,284240,1944,289040,22714,266326,92.1415721007473
1989,"2","50-54",50,54,269152,1939,277600,29244,248356,89.4654178674352
1989,"2","55-59",55,59,268384,1934,288612,37708,250904,86.9347081895417
1989,"2","60-64",60,64,273416,1929,317400,55478,261922,82.521109010712
1989,"2","65-69",65,69,272132,1924,350800,86078,264722,75.4623717217788
1989,"2","70-74",70,74,227184,1919,340280,128767,211513,62.1585165158105
1989,"2","75-79",75,79,203852,1914,377400,172659,204741,54.2503974562798
1989,"2","80+",80,84,250164,1909,NA,258106,NA,NA
1994,"1","00-04",0,4,348272,1994,348272,0,348272,100
1994,"1","05-09",5,9,336688,1989,335084,3003,332081,99.1038068066515
1994,"1","10-14",10,14,320708,1984,316864,4398,312466,98.612022823672
1994,"1","15-19",15,19,310904,1979,310128,5036,305092,98.3761543620699
1994,"1","20-24",20,24,372196,1974,380828,7080,373748,98.140893001565
1994,"1","25-29",25,29,408468,1969,419656,11914,407742,97.1610080637474
1994,"1","30-34",30,34,388092,1964,398748,16720,382028,95.8068755203788
1994,"1","35-39",35,39,342884,1959,348840,20155,328685,94.2222795550969
1994,"1","40-44",40,44,343560,1954,352920,21219,331701,93.9875892553553
1994,"1","45-49",45,49,344844,1949,366160,26264,339896,92.8271793751366
1994,"1","50-54",50,54,280060,1944,301680,38974,262706,87.0810129939008
1994,"1","55-59",55,59,260100,1939,288268,49909,238359,82.6865971942775
1994,"1","60-64",60,64,243916,1934,296504,66751,229753,77.4873188894585
1994,"1","65-69",65,69,224492,1929,324760,99478,225282,69.3687646261855
1994,"1","70-74",70,74,189372,1924,359960,155468,204492,56.8096455161685
1994,"1","75-79",75,79,124100,1919,345080,227260,117820,34.1428074649357
1994,"1","80+",80,84,121184,1914,381200,286039,95161,24.963536201469
1994,"2","00-04",0,4,333020,1994,333020,0,333020,100
1994,"2","05-09",5,9,321912,1989,319936,2258,317678,99.2942338467694
1994,"2","10-14",10,14,306824,1984,301420,3214,298206,98.9337137548935
1994,"2","15-19",15,19,299340,1979,293792,3689,290103,98.7443497440366
1994,"2","20-24",20,24,366600,1974,360904,4891,356013,98.6447919668388
1994,"2","25-29",25,29,411008,1969,403436,7570,395866,98.1236181203462
1994,"2","30-34",30,34,391388,1964,379300,10392,368908,97.2602161877142
1994,"2","35-39",35,39,346148,1959,331200,12505,318695,96.2243357487923
1994,"2","40-44",40,44,346204,1954,336200,13470,322730,95.9934562760262
1994,"2","45-49",45,49,345848,1949,348360,17050,331310,95.1056378459065
1994,"2","50-54",50,54,280820,1944,289040,26380,262660,90.8732355383338
1994,"2","55-59",55,59,263032,1939,277600,34173,243427,87.6898414985591
1994,"2","60-64",60,64,257940,1934,288612,45145,243467,84.3578922567322
1994,"2","65-69",65,69,255784,1929,317400,68068,249332,78.5545053560176
1994,"2","70-74",70,74,244560,1924,350800,107204,243596,69.4401368301026
1994,"2","75-79",75,79,190532,1919,340280,161498,178782,52.5396732102974
1994,"2","80+",80,84,278280,1914,377400,214800,162600,43.0842607313196
1999,"1","00-04",0,4,330844,1999,330844,0,330844,100
1999,"1","05-09",5,9,349284,1994,348272,2502,345770,99.2815959939358
1999,"1","10-14",10,14,338876,1989,335084,3244,331840,99.0318845423834
1999,"1","15-19",15,19,318524,1984,316864,4697,312167,98.5176605736215
1999,"1","20-24",20,24,313864,1979,310128,5965,304163,98.0766006294175
1999,"1","25-29",25,29,376804,1974,380828,8454,372374,97.7801002027162
1999,"1","30-34",30,34,409628,1969,419656,13696,405960,96.7363745543969
1999,"1","35-39",35,39,385236,1964,398748,18914,379834,95.256653324907
1999,"1","40-44",40,44,342176,1959,348840,22711,326129,93.48956541681
1999,"1","45-49",45,49,339648,1954,352920,24567,328353,93.0389323359402
1999,"1","50-54",50,54,338380,1949,366160,31504,334656,91.3961109897313
1999,"1","55-59",55,59,271512,1944,301680,47275,254405,84.3294219040042
1999,"1","60-64",60,64,246284,1939,288268,61379,226889,78.7076609266377
1999,"1","65-69",65,69,220444,1934,296504,84221,212283,71.5953241777514
1999,"1","70-74",70,74,188520,1929,324760,126390,198370,61.0820298066264
1999,"1","75-79",75,79,143348,1924,359960,194664,165296,45.9206578508723
1999,"1","80+",80,84,130832,1919,345080,274675,70405,20.4025153587574
1999,"2","00-04",0,4,314556,1999,314556,0,314556,100
1999,"2","05-09",5,9,333016,1994,333020,1893,331127,99.4315656717314
1999,"2","10-14",10,14,323260,1989,319936,2433,317503,99.2395354070814
1999,"2","15-19",15,19,309028,1984,301420,3416,298004,98.8666976312123
1999,"2","20-24",20,24,310688,1979,293792,4106,289686,98.602412591221
1999,"2","25-29",25,29,379520,1974,360904,5386,355518,98.5076363797575
1999,"2","30-34",30,34,414516,1969,403436,8271,395165,97.9498606966161
1999,"2","35-39",35,39,390676,1964,379300,11445,367855,96.9825995254416
1999,"2","40-44",40,44,346348,1959,331200,14046,317154,95.7590579710145
1999,"2","45-49",45,49,344060,1954,336200,15677,320523,95.337001784652
1999,"2","50-54",50,54,341972,1949,348360,20533,327827,94.1058100815249
1999,"2","55-59",55,59,276120,1944,289040,31913,257127,88.9589676169388
1999,"2","60-64",60,64,255108,1939,277600,41346,236254,85.1059077809798
1999,"2","65-69",65,69,243832,1934,288612,55954,232658,80.6127257355896
1999,"2","70-74",70,74,231468,1929,317400,85666,231734,73.010081915564
1999,"2","75-79",75,79,207360,1924,350800,136213,214587,61.1707525655644
1999,"2","80+",80,84,284808,1919,340280,204234,136046,39.980604208299
2004,"1","00-04",0,4,312712.44,2004,312712,0,312712,100
2004,"1","05-09",5,9,333872.04,1999,330844,2146,328698,99.3513559260558
2004,"1","10-14",10,14,351881.76,1994,348272,2689,345583,99.2279023292139
2004,"1","15-19",15,19,341996.48,1989,335084,3523,331561,98.9486218381063
2004,"1","20-24",20,24,332042.72,1984,316864,5573,311291,98.2412012724702
2004,"1","25-29",25,29,337528.84,1979,310128,7247,302881,97.6632229273074
2004,"1","30-34",30,34,388898.8,1974,380828,9892,370936,97.4025019168759
2004,"1","35-39",35,39,412943,1969,419656,15738,403918,96.2497855386316
2004,"1","40-44",40,44,385829.48,1964,398748,21624,377124,94.5770260916669
2004,"1","45-49",45,49,339822.92,1959,348840,26321,322519,92.4547070290104
2004,"1","50-54",50,54,333133.24,1954,352920,29576,323344,91.619630511164
2004,"1","55-59",55,59,328219.8,1949,366160,39236,326924,89.2844658072974
2004,"1","60-64",60,64,258035.4,1944,301680,59123,242557,80.402081675948
2004,"1","65-69",65,69,226107.36,1939,288268,77152,211116,73.2360164846601
2004,"1","70-74",70,74,190554.28,1934,296504,106713,189791,64.0095917761649
2004,"1","75-79",75,79,147301,1929,324760,158500,166260,51.1947284148294
2004,"1","80+",80,84,154440.36,1924,359960,237060,122900,34.14268252028
2004,"2","00-04",0,4,297907.08,2004,297907,0,297907,100
2004,"2","05-09",5,9,317880.64,1999,314556,1672,312884,99.4684571268709
2004,"2","10-14",10,14,335338.6,1994,333020,2051,330969,99.3841210738094
2004,"2","15-19",15,19,328085.96,1989,319936,2622,317314,99.1804610922184
2004,"2","20-24",20,24,330789.04,1984,301420,3803,297617,98.7383053546546
2004,"2","25-29",25,29,337736.84,1979,293792,4585,289207,98.439372072759
2004,"2","30-34",30,34,392840.28,1974,360904,5985,354919,98.3416642652894
2004,"2","35-39",35,39,418038.08,1969,403436,9255,394181,97.7059558393401
2004,"2","40-44",40,44,391114.88,1964,379300,12994,366306,96.5742156604271
2004,"2","45-49",45,49,344785.96,1959,331200,16331,314869,95.0691425120773
2004,"2","50-54",50,54,339400.92,1954,336200,19019,317181,94.3429506246282
2004,"2","55-59",55,59,334885.8,1949,348360,25699,322661,92.6228614077391
2004,"2","60-64",60,64,267857,1944,289040,39667,249373,86.2762939385552
2004,"2","65-69",65,69,243168.84,1939,277600,51365,226235,81.496757925072
2004,"2","70-74",70,74,223799.96,1934,288612,70783,217829,75.4746857372528
2004,"2","75-79",75,79,198397.16,1929,317400,109284,208116,65.5689981096408
2004,"2","80+",80,84,304762,1924,350800,173585,177215,50.5173888255416
2009,"1","00-04",0,4,337640.24,2009,337640,0,337640,100
2009,"1","05-09",5,9,317564.04,2004,312712,2136,310576,99.3169433856072
2009,"1","10-14",10,14,341414.88,1999,330844,2317,328527,99.2996699350751
2009,"1","15-19",15,19,360314.36,1994,348272,2899,345373,99.1676046308632
2009,"1","20-24",20,24,365028,1989,335084,4283,330801,98.7218130379248
2009,"1","25-29",25,29,368720.36,1984,316864,6755,310109,97.8681705716017
2009,"1","30-34",30,34,356320.28,1979,310128,8580,301548,97.2334004024145
2009,"1","35-39",35,39,395305.92,1974,380828,11583,369245,96.9584694402722
2009,"1","40-44",40,44,412019.64,1969,419656,18288,401368,95.6421449949482
2009,"1","45-49",45,49,383253.2,1964,398748,25363,373385,93.6393411377612
2009,"1","50-54",50,54,335029.08,1959,348840,31396,317444,90.9998853342507
2009,"1","55-59",55,59,323644.72,1954,352920,36581,316339,89.6347614190185
2009,"1","60-64",60,64,312704.72,1949,366160,50064,316096,86.327288616998
2009,"1","65-69",65,69,238285.6,1944,301680,75322,226358,75.0324847520552
2009,"1","70-74",70,74,200032,1939,288268,97340,190928,66.2328111340836
2009,"1","75-79",75,79,155596.04,1934,296504,134161,162343,54.7523810808623
2009,"1","80+",80,84,177573.16,1929,324760,195069,129691,39.9344131050622
2009,"2","00-04",0,4,321959.24,2009,321959,0,321959,100
2009,"2","05-09",5,9,303027.08,2004,297907,1705,296202,99.4276737371059
2009,"2","10-14",10,14,325174,1999,314556,1804,312752,99.4264932158344
2009,"2","15-19",15,19,346260.24,1994,333020,2213,330807,99.335475346826
2009,"2","20-24",20,24,364076.68,1989,319936,2974,316962,99.0704390878176
2009,"2","25-29",25,29,370736.84,1984,301420,4239,297181,98.5936566916595
2009,"2","30-34",30,34,356882.32,1979,293792,5163,288629,98.2426342446357
2009,"2","35-39",35,39,399951.6,1974,360904,6793,354111,98.1177820140536
2009,"2","40-44",40,44,418912.2,1969,403436,10652,392784,97.3596803458293
2009,"2","45-49",45,49,389253.2,1964,379300,15331,363969,95.9580806749275
2009,"2","50-54",50,54,339965.32,1959,331200,19694,311506,94.0537439613527
2009,"2","55-59",55,59,331712.68,1954,336200,23780,312420,92.9268292682927
2009,"2","60-64",60,64,323810.8,1949,348360,32864,315496,90.5660810655644
2009,"2","65-69",65,69,254166.28,1944,289040,50417,238623,82.5570855244949
2009,"2","70-74",70,74,224554.76,1939,277600,64847,212753,76.6401296829971
2009,"2","75-79",75,79,195497.48,1934,288612,90847,197765,68.5227918451069
2009,"2","80+",80,84,317918.72,1929,317400,140361,177039,55.7778827977316
2014,"1","00-04",0,4,366567.64,2014,366568,0,366568,100
2014,"1","05-09",5,9,343029.36,2009,337640,1909,335731,99.4346049046322
2014,"1","10-14",10,14,325002,2004,312712,2290,310422,99.2676967944946
2014,"1","15-19",15,19,354380.28,1999,330844,2484,328360,99.2491929731233
2014,"1","20-24",20,24,388086,1994,348272,3444,344828,99.0111177470483
2014,"1","25-29",25,29,388846.44,1989,335084,5226,329858,98.4403910661207
2014,"1","30-34",30,34,381824,1984,316864,7913,308951,97.502714098162
2014,"1","35-39",35,39,359824.76,1979,310128,10075,300053,96.7513413816231
2014,"1","40-44",40,44,393611.36,1974,380828,13649,367179,96.4159673133278
2014,"1","45-49",45,49,407903.96,1969,419656,21647,398009,94.8417275101512
2014,"1","50-54",50,54,379269.2,1964,398748,30405,368343,92.374883384995
2014,"1","55-59",55,59,327997.96,1959,348840,38394,310446,88.9938080495356
2014,"1","60-64",60,64,311558.64,1954,352920,46274,306646,86.888246628131
2014,"1","65-69",65,69,295432.96,1949,366160,64883,301277,82.2801507537689
2014,"1","70-74",70,74,215869.04,1944,301680,96693,204987,67.9484884645982
2014,"1","75-79",75,79,169875,1939,288268,123709,164559,57.0854205114685
2014,"1","80+",80,84,206104.4,1934,296504,168711,127793,43.0999244529585
2014,"2","00-04",0,4,349134.24,2014,349134,0,349134,100
2014,"2","05-09",5,9,327034.16,2009,321959,1448,320511,99.5502532931212
2014,"2","10-14",10,14,309808.96,2004,297907,1826,296081,99.3870570345779
2014,"2","15-19",15,19,336386.6,1999,314556,1931,312625,99.3861188468826
2014,"2","20-24",20,24,375863.76,1994,333020,2482,330538,99.2546994174524
2014,"2","25-29",25,29,388202.16,1989,319936,3372,316564,98.9460392078416
2014,"2","30-34",30,34,384258.48,1984,301420,4789,296631,98.4111870479729
2014,"2","35-39",35,39,361835.8,1979,293792,5988,287804,97.9618233307919
2014,"2","40-44",40,44,401208.8,1974,360904,7994,352910,97.7850065391351
2014,"2","45-49",45,49,417699.04,1969,403436,12742,390694,96.8416303949077
2014,"2","50-54",50,54,386628.6,1964,379300,18658,360642,95.0809385710519
2014,"2","55-59",55,59,335672,1959,331200,24529,306671,92.5939009661836
2014,"2","60-64",60,64,324284.36,1954,336200,30369,305831,90.9669839381321
2014,"2","65-69",65,69,312052.48,1949,348360,42885,305475,87.6894591801585
2014,"2","70-74",70,74,238395.24,1944,289040,65206,223834,77.440492665375
2014,"2","75-79",75,79,201199.68,1939,277600,84032,193568,69.7291066282421
2014,"2","80+",80,84,334393.4,1934,288612,119015,169597,58.762975898438
2019,"1","00-04",0,4,369265.6,2019,369266,0,369266,100
2019,"1","05-09",5,9,369870.4,2014,366568,1687,364881,99.539785251304
2019,"1","10-14",10,14,331615.8,2009,337640,2049,335591,99.3931406231489
2019,"1","15-19",15,19,345199.6,2004,312712,2464,310248,99.2120545421986
2019,"1","20-24",20,24,386754.4,1999,330844,2992,327852,99.0956462864673
2019,"1","25-29",25,29,405378.8,1994,348272,4398,343874,98.7371939173979
2019,"1","30-34",30,34,393246.2,1989,335084,6461,328623,98.0718267658259
2019,"1","35-39",35,39,372188.4,1984,316864,9525,307339,96.9939784891941
2019,"1","40-44",40,44,369059.4,1979,310128,12264,297864,96.0455037919827
2019,"1","45-49",45,49,404766.6,1974,380828,16764,364064,95.5980127511633
2019,"1","50-54",50,54,403982.8,1969,419656,26788,392868,93.6166765160036
2019,"1","55-59",55,59,353891.2,1964,398748,38063,360685,90.4543721849389
2019,"1","60-64",60,64,305320.8,1959,348840,48956,299884,85.9660589381952
2019,"1","65-69",65,69,313428.8,1954,352920,60616,292304,82.8244361328346
2019,"1","70-74",70,74,242439,1949,366160,86351,279809,76.4171400480664
2019,"1","75-79",75,79,176356.4,1944,301680,126826,174854,57.9600901617608
2019,"1","80+",80,84,224227.4,1939,288268,159494,128774,44.6716250156105
2019,"2","00-04",0,4,351195.8,2019,351196,0,351196,100
2019,"2","05-09",5,9,352343.4,2014,349134,1346,347788,99.6144746716161
2019,"2","10-14",10,14,315858.8,2009,321959,1568,320391,99.5129814665843
2019,"2","15-19",15,19,327179.2,2004,297907,1946,295961,99.3467760072774
2019,"2","20-24",20,24,367453.6,1999,314556,2193,312363,99.3028268416435
2019,"2","25-29",25,29,397116.8,1994,333020,2861,330159,99.1408924388926
2019,"2","30-34",30,34,393238,1989,319936,3930,316006,98.7716293258652
2019,"2","35-39",35,39,374256.2,1984,301420,5663,295757,98.1212261960056
2019,"2","40-44",40,44,374195,1979,293792,7283,286509,97.5210352902734
2019,"2","45-49",45,49,414503.2,1974,360904,9894,351010,97.258550750338
2019,"2","50-54",50,54,414906.8,1969,403436,16083,387353,96.0134940858029
2019,"2","55-59",55,59,362129.6,1964,379300,23824,355476,93.7189559715265
2019,"2","60-64",60,64,317831.4,1959,331200,31730,299470,90.4196859903382
2019,"2","65-69",65,69,332471.2,1954,336200,40208,295992,88.0404521118382
2019,"2","70-74",70,74,264857,1949,348360,57740,290620,83.4251923297738
2019,"2","75-79",75,79,206080.8,1944,289040,87255,201785,69.8121367284805
2019,"2","80+",80,84,343635,1939,277600,112865,164735,59.3425792507205
